Workbook
Name CategoriasISO: '⚙️ Configuración'!$C$2:$C$6
Name TiposInstalacion: '⚙️ Configuración'!$B$2:$B$8

Sheet 📋 Instrucciones
B2: SISTEMA DE GESTIÓN DE HUELLA DE CARBONO — ISO 14064-1
B3: José Cujó SA · Herramienta de recolección de datos
B5: ¿QUÉ CONTIENE ESTE ARCHIVO?
B6: 📋 Instrucciones | C6: Esta hoja. Explica cómo usar el sistema.
B7: ⚙️ Configuración | C7: Listas desplegables y fuentes de emisión por tipo de obra. No modificar.
B8: 🏗️ Obras | C8: Registro maestro de todas las obras/instalaciones activas.
B9: 📊 Base de Datos | C9: Tabla principal de carga de datos de emisiones. Una fila = un dato.
B10: 📈 Consolidado | C10: Resumen automático por alcance, tipo de obra y período.
B11: 🏢 Informe Dirección | C11: Vista ejecutiva con totales e indicadores para la dirección.
B12: 🔢 Factores Emisión | C12: Factores de conversión a CO₂eq. Referencia normativa.
B15: ¿CÓMO USAR EL SISTEMA PASO A PASO?
B16: PASO 1: Registrar la obra | C16: Ir a la hoja '🏗️ Obras' y completar los datos identificatorios de la obra o instalación.
B17: PASO 2: Cargar datos de emisiones | C17: Ir a '📊 Base de Datos'. Cada fila es un dato de emisión. Completar: obra, fuente, cantidad y evidencia.
B18: PASO 3: Usar los desplegables | C18: Los campos de Tipo de Obra, Categoría y Fuente tienen listas desplegables. Siempre seleccionar de la lista.
B19: PASO 4: Adjuntar evidencia | C19: En la columna 'Referencia Evidencia' indicar el nombre del archivo o link en SharePoint.
B20: PASO 5: Revisar el Consolidado | C20: La hoja '📈 Consolidado' se actualiza automáticamente con los datos cargados.
B21: PASO 6: Exportar para auditoría | C21: Para auditoría externa, usar '🏢 Informe Dirección' o filtrar la Base de Datos por obra/período.
B24: ALCANCES ISO 14064-1 (SCOPES)
B25: Alcance 1 / Scope 1 | C25: Emisiones directas de GEI: Combustibles propios, gases fugitivos, cambio de uso de suelo. Color: naranja.
B26: Alcance 2 / Scope 2 | C26: Emisiones indirectas por energía: Electricidad y vapor comprados a terceros. Color: violeta.
B27: Alcance 3 / Scope 3 | C27: Otras emisiones indirectas: Transporte contratado, materiales, residuos, viajes de negocios. Color: verde.
B30: Versión 1.0 · ISO 14064-1:2018 · ISO TR 14069:2013 · José Cujó SA

Sheet ⚙️ Configuración
B1: TIPOS DE INSTALACIÓN | C1: CATEGORÍAS ISO 14064-1 | D1: FUENTE DE EMISIÓN | E1: UNIDAD | K1: =+B1 -> TIPOS DE INSTALACIÓN
B2: Vial | C2: Alcance 1 - Emisiones directas de GEI | D2: Combustión móvil - Maquinaria pesada | E2: L | K2: {=+_xlfn.UNIQUE(Config[TIPOS DE INSTALACIÓN])} -> Vial
B3: Vial | C3: Alcance 1 - Emisiones directas de GEI | D3: Combustión móvil - Camiones propios | E3: L | K3: Estructural
B4: Vial | C4: Alcance 1 - Emisiones directas de GEI | D4: Combustión estacionaria - Generadores | E4: L | K4: Hidráulica
B5: Vial | C5: Alcance 1 - Emisiones directas de GEI | D5: Combustión estacionaria - Planta asfáltica | E5: L | K5: Arquitectura
B6: Vial | C6: Alcance 1 - Emisiones directas de GEI | D6: Cambio uso suelo - Desmonte/vegetación | E6: m² | K6: Oficina Central
B7: Vial | C7: Alcance 1 - Emisiones directas de GEI | D7: Fugitivas - Aire acondicionado (refrigerante) | E7: kg | K7: Centro Logístico (Taller/Depósito)
B8: Vial | C8: Alcance 1 - Emisiones directas de GEI | D8: Fugitivas - Extintores (gas) | E8: kg | K8: Planta de Hormigón Fija
B9: Vial | C9: Alcance 2 - Emisiones indirectas por energía importada | D9: Electricidad adquirida (UTE) | E9: kWh
B10: Vial | C10: Alcance 3 - Emisiones indirectas por transporte | D10: Transporte de materiales (flete contratado) | E10: km
B11: Vial | C11: Alcance 3 - Emisiones indirectas por transporte | D11: Transporte de personal | E11: km
B12: Vial | C12: Alcance 3 - Emisiones indirectas por transporte | D12: Transporte de maquinaria entre obras | E12: km
B13: Vial | C13: Alcance 3 - Emisiones indirectas por productos utilizados | D13: Agregados finos | E13: t
B14: Vial | C14: Alcance 3 - Emisiones indirectas por productos utilizados | D14: Relleno mineral (filler) | E14: t
B15: Vial | C15: Alcance 3 - Emisiones indirectas por productos utilizados | D15: Asfalto reusado (RAP) | E15: t
B16: Vial | C16: Alcance 3 - Emisiones indirectas por productos utilizados | D16: Emulsiones asfálticas | E16: t
B17: Vial | C17: Alcance 3 - Emisiones indirectas por productos utilizados | D17: Cemento Portland | E17: t
B18: Vial | C18: Alcance 3 - Emisiones indirectas por productos utilizados | D18: Cal | E18: t
B19: Vial | C19: Alcance 3 - Emisiones indirectas por productos utilizados | D19: Aditivos químicos | E19: kg
B20: Vial | C20: Alcance 3 - Emisiones indirectas por productos utilizados | D20: Geotextiles (PP) | E20: kg
... B129: Planta de Hormigón Fija | C129: Alcance 3 - Otras emisiones indirectas | D129: Aguas residuales de planta | E129: m³

Sheet 🏗️ Obras
A1: 🏗️ REGISTRO MAESTRO DE OBRAS E INSTALACIONES
A2: Completar una fila por cada obra o instalación. El ID se asigna automáticamente. Usar los desplegables para Tipo, Modalidad y Estado.
A3: ID | B3: Código Interno | C3: Nombre de Obra | D3: Tipo | E3: Cliente | F3: Departamento | G3: Padrón / Dirección | H3: Fecha Inicio | I3: Fecha Fin | J3: Año Ejecución | K3: N° Personas | L3: Modalidad | M3: Responsable Datos | N3: Estado | O3: Observaciones
A4: =IF(B4<>"",ROW()-3,"") -> 1 | B4: OB-2025-001 | C4: Ruta 8 Km 45 - Pavimentación | D4: Vial | E4: MTOP | F4: Lavalleja | G4: Km 45 R8 | H4: 01/03/2025 | I4: 30/11/2025 | J4: 2025 | K4: 28 | L4: Obra propia | M4: Ing. García | N4: Activa
A5: =IF(B5<>"",ROW()-3,"") -> 2 | B5: OB-2025-002 | C5: Puente sobre Arroyo Solís | D5: Estructural | E5: OSE | F5: Canelones | G5: Arroyo Solís Grande | H5: 15/01/2025 | I5: 31/08/2025 | J5: 2025 | K5: 15 | L5: Consorcio | M5: Ing. Martínez | N5: Activa | O5: Consorcio con Caminosur
A6: =IF(B6<>"",ROW()-3,"") -> 3 | B6: OB-2025-003 | C6: Planta Potabilizadora Norte | D6: Hidráulica | E6: OSE | F6: Montevideo | G6: Av. Italia 3000 | H6: 01/06/2025 | I6: 30/06/2026 | J6: 2025 | K6: 22 | L6: Obra propia | M6: Ing. Rodríguez | N6: Activa
A7: =IF(B7<>"",ROW()-3,"") -> 4 | B7: INS-2025-001 | C7: Oficina Central Montevideo | D7: Oficina Central | E7: José Cujó SA | F7: Montevideo | G7: 18 de Julio 1890 | H7: 01/01/2025 | I7: 31/12/2025 | J7: 2025 | K7: 45 | L7: Instalación fija | M7: Lic. Pérez | N7: Activa | O7: Año calendario completo
A8: =IF(B8<>"",ROW()-3,"") -> 5 | B8: INS-2025-002 | C8: Centro Logístico Pando | D8: Centro Logístico (Taller/Depósito) | E8: José Cujó SA | F8: Canelones | G8: Ruta 8 Km 35 | H8: 01/01/2025 | I8: 31/12/2025 | J8: 2025 | K8: 18 | L8: Instalación fija | M8: Tec. López | N8: Activa

Sheet 📊 Base de Datos
A1: 📊 BASE DE DATOS — EMISIONES DE GEI · ISO 14064-1
A2: INSTRUCCIÓN: Cada fila = un registro de emisión. Completar todos los campos en azul. Usar siempre los desplegables. La columna 'Emisiones (t CO₂eq)' se calcula automáticamente con el Factor de Emisión.
A3: ID Registro | B3: Año | C3: Trimestre | D3: Período (Mes/Año) | E3: Código Obra | F3: Nombre de Obra / Instalación | G3: Tipo de Instalación | H3: Categoría ISO 14064-1 (Alcance) | I3: Fuente de Emisión | J3: Actividad / Detalle | K3: Cantidad | L3: Unidad | M3: Factor de Emisión (kg CO₂eq/unidad) | N3: Emisiones (t CO₂eq) | O3: Referencia Evidencia (Link Sharepoint) | P3: Responsable Carga | Q3: Fecha Carga | R3: Verificado SGI | S3: Observaciones
A4: =IF(F4<>"",ROW()-3,"") -> 1 | B4: 2025 | C4: T1 | D4: Mar-2025 | E4: OB-2025-001 | F4: =+VLOOKUP(E4,Maestro_Obras[[Código Interno]:[Nombre de Obra]],2,FALSE) -> Ruta 8 Km 45 - Pavimentación | G4: Vial | H4: Alcance 1 - Emisiones directas de GEI | I4: Combustión móvil - Maquinaria pesada | J4: Excavadora CAT 336 - Mes de marzo | K4: 4500 | L4: L | M4: 2.68 | N4: =IF(K4*M4<>0,K4*M4/1000,"") -> 12.06 | O4: Remito Combustible RE-2025-0312.pdf | P4: García, Juan | Q4: 31/03/2025 | R4: Pendiente
A5: =+A4+1 -> 2 | B5: 2025 | C5: T1 | D5: Mar-2025 | E5: OB-2025-001 | F5: Ruta 8 Km 45 - Pavimentación | G5: Vial | H5: Alcance 2 - Emisiones indirectas por energía importada | I5: Electricidad adquirida (UTE) | J5: Factura UTE obrador marzo 2025 | K5: 1250 | L5: kWh | M5: 0.19 | N5: =IF(K5*M5<>0,K5*M5/1000,"") -> 0.2375 | O5: Factura UTE 2025-03.pdf | P5: García, Juan | Q5: 31/03/2025 | R5: Sí
A6: =IF(F6<>"",ROW()-3,"") -> 3 | B6: 2025 | C6: T1 | D6: Ene-2025 | E6: INS-2025-001 | F6: Oficina Central Montevideo | G6: Oficina Central | H6: Alcance 2 - Emisiones indirectas por energía importada | I6: Electricidad adquirida (UTE) | J6: Factura UTE oficinas enero 2025 | K6: 3800 | L6: kWh | M6: 0.19 | N6: =IF(K6*M6<>0,K6*M6/1000,"") -> 0.722 | O6: Factura UTE ENE-2025.pdf | P6: Pérez, Ana | Q6: 31/01/2025 | R6: Sí

Sheet 📈 Consolidado
B2: 📈 CONSOLIDADO DE EMISIONES · ISO 14064-1
B3: Resumen automático. Los datos se calculan desde la hoja 'Base de Datos'.
B5: AÑO DE REPORTE: | C5: 2025 | D5: ← Cambiar el año aquí para filtrar
B7: RESUMEN POR ALCANCE (t CO₂eq)
B8: Alcance / Categoría | C8: T1 | D8: T2 | E8: T3 | F8: T4 | G8: TOTAL AÑO
B9: Alcance 1 - Emisiones directas de GEI | C9: =IFERROR(SUMIFS('📊 Base de Datos'!$N$4:$N$207,'📊 Base de Datos'!$B$4:$B$207,$C$5,'📊 Base de Datos'!$C$4:$C$207,"T1",'📊 Base de Datos'!$H$4:$H$207,"Alcance 1*"),0) -> 12.06 | D9: =IFERROR(SUMIFS('📊 Base de Datos'!$N$4:$N$207,'📊 Base de Datos'!$B$4:$B$207,$C$5,'📊 Base de Datos'!$C$4:$C$207,"T2",'📊 Base de Datos'!$H$4:$H$207,"Alcance 1*"),0) -> 0 | E9: =IFERROR(SUMIFS('📊 Base de Datos'!$N$4:$N$207,'📊 Base de Datos'!$B$4:$B$207,$C$5,'📊 Base de Datos'!$C$4:$C$207,"T3",'📊 Base de Datos'!$H$4:$H$207,"Alcance 1*"),0) -> 0 | F9: =IFERROR(SUMIFS('📊 Base de Datos'!$N$4:$N$207,'📊 Base de Datos'!$B$4:$B$207,$C$5,'📊 Base de Datos'!$C$4:$C$207,"T4",'📊 Base de Datos'!$H$4:$H$207,"Alcance 1*"),0) -> 0 | G9: =SUM(C9:F9) -> 12.06
B10: Alcance 2 - Emisiones indirectas por energía importada | C10: =IFERROR(SUMIFS('📊 Base de Datos'!$N$4:$N$207,'📊 Base de Datos'!$B$4:$B$207,$C$5,'📊 Base de Datos'!$C$4:$C$207,"T1",'📊 Base de Datos'!$H$4:$H$207,"Alcance 2*"),0) -> 0.9595 | D10: =IFERROR(SUMIFS('📊 Base de Datos'!$N$4:$N$207,'📊 Base de Datos'!$B$4:$B$207,$C$5,'📊 Base de Datos'!$C$4:$C$207,"T2",'📊 Base de Datos'!$H$4:$H$207,"Alcance 2*"),0) -> 0 | E10: =IFERROR(SUMIFS('📊 Base de Datos'!$N$4:$N$207,'📊 Base de Datos'!$B$4:$B$207,$C$5,'📊 Base de Datos'!$C$4:$C$207,"T3",'📊 Base de Datos'!$H$4:$H$207,"Alcance 2*"),0) -> 0 | F10: =IFERROR(SUMIFS('📊 Base de Datos'!$N$4:$N$207,'📊 Base de Datos'!$B$4:$B$207,$C$5,'📊 Base de Datos'!$C$4:$C$207,"T4",'📊 Base de Datos'!$H$4:$H$207,"Alcance 2*"),0) -> 0 | G10: =SUM(C10:F10) -> 0.9595
B11: Alcance 3 - Transporte | C11: =IFERROR(SUMIFS('📊 Base de Datos'!$N$4:$N$207,'📊 Base de Datos'!$B$4:$B$207,$C$5,'📊 Base de Datos'!$C$4:$C$207,"T1",'📊 Base de Datos'!$H$4:$H$207,"*transporte*"),0) -> 0 | D11: =IFERROR(SUMIFS('📊 Base de Datos'!$N$4:$N$207,'📊 Base de Datos'!$B$4:$B$207,$C$5,'📊 Base de Datos'!$C$4:$C$207,"T2",'📊 Base de Datos'!$H$4:$H$207,"*transporte*"),0) -> 0 | E11: =IFERROR(SUMIFS('📊 Base de Datos'!$N$4:$N$207,'📊 Base de Datos'!$B$4:$B$207,$C$5,'📊 Base de Datos'!$C$4:$C$207,"T3",'📊 Base de Datos'!$H$4:$H$207,"*transporte*"),0) -> 0 | F11: =IFERROR(SUMIFS('📊 Base de Datos'!$N$4:$N$207,'📊 Base de Datos'!$B$4:$B$207,$C$5,'📊 Base de Datos'!$C$4:$C$207,"T4",'📊 Base de Datos'!$H$4:$H$207,"*transporte*"),0) -> 0 | G11: =SUM(C11:F11) -> 0
B12: Alcance 3 - Productos utilizados | C12: =IFERROR(SUMIFS('📊 Base de Datos'!$N$4:$N$207,'📊 Base de Datos'!$B$4:$B$207,$C$5,'📊 Base de Datos'!$C$4:$C$207,"T1",'📊 Base de Datos'!$H$4:$H$207,"*productos*"),0) -> 0 | D12: =IFERROR(SUMIFS('📊 Base de Datos'!$N$4:$N$207,'📊 Base de Datos'!$B$4:$B$207,$C$5,'📊 Base de Datos'!$C$4:$C$207,"T2",'📊 Base de Datos'!$H$4:$H$207,"*productos*"),0) -> 0 | E12: =IFERROR(SUMIFS('📊 Base de Datos'!$N$4:$N$207,'📊 Base de Datos'!$B$4:$B$207,$C$5,'📊 Base de Datos'!$C$4:$C$207,"T3",'📊 Base de Datos'!$H$4:$H$207,"*productos*"),0) -> 0 | F12: =IFERROR(SUMIFS('📊 Base de Datos'!$N$4:$N$207,'📊 Base de Datos'!$B$4:$B$207,$C$5,'📊 Base de Datos'!$C$4:$C$207,"T4",'📊 Base de Datos'!$H$4:$H$207,"*productos*"),0) -> 0 | G12: =SUM(C12:F12) -> 0
B13: Alcance 3 - Otras emisiones indirectas | C13: =IFERROR(SUMIFS('📊 Base de Datos'!$N$4:$N$207,'📊 Base de Datos'!$B$4:$B$207,$C$5,'📊 Base de Datos'!$C$4:$C$207,"T1",'📊 Base de Datos'!$H$4:$H$207,"*Otras*"),0) -> 0 | D13: =IFERROR(SUMIFS('📊 Base de Datos'!$N$4:$N$207,'📊 Base de Datos'!$B$4:$B$207,$C$5,'📊 Base de Datos'!$C$4:$C$207,"T2",'📊 Base de Datos'!$H$4:$H$207,"*Otras*"),0) -> 0 | E13: =IFERROR(SUMIFS('📊 Base de Datos'!$N$4:$N$207,'📊 Base de Datos'!$B$4:$B$207,$C$5,'📊 Base de Datos'!$C$4:$C$207,"T3",'📊 Base de Datos'!$H$4:$H$207,"*Otras*"),0) -> 0 | F13: =IFERROR(SUMIFS('📊 Base de Datos'!$N$4:$N$207,'📊 Base de Datos'!$B$4:$B$207,$C$5,'📊 Base de Datos'!$C$4:$C$207,"T4",'📊 Base de Datos'!$H$4:$H$207,"*Otras*"),0) -> 0 | G13: =SUM(C13:F13) -> 0
B14: TOTAL EMISIONES ORGANIZACIÓN | C14: =SUM(C9:C13) -> 13.0195 | D14: =SUM(D9:D13) -> 0 | E14: =SUM(E9:E13) -> 0 | F14: =SUM(F9:F13) -> 0 | G14: =SUM(G9:G13) -> 13.0195
B16: EMISIONES POR TIPO DE INSTALACIÓN (t CO₂eq) — AÑO COMPLETO
B17: Tipo de Instalación | C17: Alcance 1 | D17: Alcance 2 | E17: Alcance 3 | F17: TOTAL | G17: %
B18: Vial | C18: =IFERROR(SUMIFS('📊 Base de Datos'!$N$4:$N$207,'📊 Base de Datos'!$B$4:$B$207,$C$5,'📊 Base de Datos'!$G$4:$G$207,"Vial",'📊 Base de Datos'!$H$4:$H$207,"Alcance 1*"),0) -> 12.06 | D18: =IFERROR(SUMIFS('📊 Base de Datos'!$N$4:$N$207,'📊 Base de Datos'!$B$4:$B$207,$C$5,'📊 Base de Datos'!$G$4:$G$207,"Vial",'📊 Base de Datos'!$H$4:$H$207,"Alcance 2*"),0) -> 0.2375 | E18: =IFERROR(SUMIFS('📊 Base de Datos'!$N$4:$N$207,'📊 Base de Datos'!$B$4:$B$207,$C$5,'📊 Base de Datos'!$G$4:$G$207,"Vial",'📊 Base de Datos'!$H$4:$H$207,"Alcance 3*"),0) -> 0 | F18: =SUM(C18:E18) -> 12.2975 | G18: =IFERROR(F18/G14,"") -> 0.94454472
B19: Estructural | C19: =IFERROR(SUMIFS('📊 Base de Datos'!$N$4:$N$207,'📊 Base de Datos'!$B$4:$B$207,$C$5,'📊 Base de Datos'!$G$4:$G$207,"Estructural",'📊 Base de Datos'!$H$4:$H$207,"Alcance 1*"),0) -> 0 | D19: =IFERROR(SUMIFS('📊 Base de Datos'!$N$4:$N$207,'📊 Base de Datos'!$B$4:$B$207,$C$5,'📊 Base de Datos'!$G$4:$G$207,"Estructural",'📊 Base de Datos'!$H$4:$H$207,"Alcance 2*"),0) -> 0 | E19: =IFERROR(SUMIFS('📊 Base de Datos'!$N$4:$N$207,'📊 Base de Datos'!$B$4:$B$207,$C$5,'📊 Base de Datos'!$G$4:$G$207,"Estructural",'📊 Base de Datos'!$H$4:$H$207,"Alcance 3*"),0) -> 0 | F19: =SUM(C19:E19) -> 0 | G19: =IFERROR(F19/G14,"") -> 0
B20: Hidráulica | C20: =IFERROR(SUMIFS('📊 Base de Datos'!$N$4:$N$207,'📊 Base de Datos'!$B$4:$B$207,$C$5,'📊 Base de Datos'!$G$4:$G$207,"Hidráulica",'📊 Base de Datos'!$H$4:$H$207,"Alcance 1*"),0) -> 0 | D20: =IFERROR(SUMIFS('📊 Base de Datos'!$N$4:$N$207,'📊 Base de Datos'!$B$4:$B$207,$C$5,'📊 Base de Datos'!$G$4:$G$207,"Hidráulica",'📊 Base de Datos'!$H$4:$H$207,"Alcance 2*"),0) -> 0 | E20: =IFERROR(SUMIFS('📊 Base de Datos'!$N$4:$N$207,'📊 Base de Datos'!$B$4:$B$207,$C$5,'📊 Base de Datos'!$G$4:$G$207,"Hidráulica",'📊 Base de Datos'!$H$4:$H$207,"Alcance 3*"),0) -> 0 | F20: =SUM(C20:E20) -> 0 | G20: =IFERROR(F20/G14,"") -> 0
B21: Arquitectura | C21: =IFERROR(SUMIFS('📊 Base de Datos'!$N$4:$N$207,'📊 Base de Datos'!$B$4:$B$207,$C$5,'📊 Base de Datos'!$G$4:$G$207,"Arquitectura",'📊 Base de Datos'!$H$4:$H$207,"Alcance 1*"),0) -> 0 | D21: =IFERROR(SUMIFS('📊 Base de Datos'!$N$4:$N$207,'📊 Base de Datos'!$B$4:$B$207,$C$5,'📊 Base de Datos'!$G$4:$G$207,"Arquitectura",'📊 Base de Datos'!$H$4:$H$207,"Alcance 2*"),0) -> 0 | E21: =IFERROR(SUMIFS('📊 Base de Datos'!$N$4:$N$207,'📊 Base de Datos'!$B$4:$B$207,$C$5,'📊 Base de Datos'!$G$4:$G$207,"Arquitectura",'📊 Base de Datos'!$H$4:$H$207,"Alcance 3*"),0) -> 0 | F21: =SUM(C21:E21) -> 0 | G21: =IFERROR(F21/G14,"") -> 0
B22: Oficina Central | C22: =IFERROR(SUMIFS('📊 Base de Datos'!$N$4:$N$207,'📊 Base de Datos'!$B$4:$B$207,$C$5,'📊 Base de Datos'!$G$4:$G$207,"Oficina Central",'📊 Base de Datos'!$H$4:$H$207,"Alcance 1*"),0) -> 0 | D22: =IFERROR(SUMIFS('📊 Base de Datos'!$N$4:$N$207,'📊 Base de Datos'!$B$4:$B$207,$C$5,'📊 Base de Datos'!$G$4:$G$207,"Oficina Central",'📊 Base de Datos'!$H$4:$H$207,"Alcance 2*"),0) -> 0.722 | E22: =IFERROR(SUMIFS('📊 Base de Datos'!$N$4:$N$207,'📊 Base de Datos'!$B$4:$B$207,$C$5,'📊 Base de Datos'!$G$4:$G$207,"Oficina Central",'📊 Base de Datos'!$H$4:$H$207,"Alcance 3*"),0) -> 0 | F22: =SUM(C22:E22) -> 0.722 | G22: =IFERROR(F22/G14,"") -> 0.055455279
B23: Centro Logístico (Taller/Depósito) | C23: =IFERROR(SUMIFS('📊 Base de Datos'!$N$4:$N$207,'📊 Base de Datos'!$B$4:$B$207,$C$5,'📊 Base de Datos'!$G$4:$G$207,"Centro Logístico (Taller/Depósito)",'📊 Base de Datos'!$H$4:$H$207,"Alcance 1*"),0) -> 0 | D23: =IFERROR(SUMIFS('📊 Base de Datos'!$N$4:$N$207,'📊 Base de Datos'!$B$4:$B$207,$C$5,'📊 Base de Datos'!$G$4:$G$207,"Centro Logístico (Taller/Depósito)",'📊 Base de Datos'!$H$4:$H$207,"Alcance 2*"),0) -> 0 | E23: =IFERROR(SUMIFS('📊 Base de Datos'!$N$4:$N$207,'📊 Base de Datos'!$B$4:$B$207,$C$5,'📊 Base de Datos'!$G$4:$G$207,"Centro Logístico (Taller/Depósito)",'📊 Base de Datos'!$H$4:$H$207,"Alcance 3*"),0) -> 0 | F23: =SUM(C23:E23) -> 0 | G23: =IFERROR(F23/G14,"") -> 0
B24: Planta de Hormigón Fija | C24: =IFERROR(SUMIFS('📊 Base de Datos'!$N$4:$N$207,'📊 Base de Datos'!$B$4:$B$207,$C$5,'📊 Base de Datos'!$G$4:$G$207,"Planta de Hormigón Fija",'📊 Base de Datos'!$H$4:$H$207,"Alcance 1*"),0) -> 0 | D24: =IFERROR(SUMIFS('📊 Base de Datos'!$N$4:$N$207,'📊 Base de Datos'!$B$4:$B$207,$C$5,'📊 Base de Datos'!$G$4:$G$207,"Planta de Hormigón Fija",'📊 Base de Datos'!$H$4:$H$207,"Alcance 2*"),0) -> 0 | E24: =IFERROR(SUMIFS('📊 Base de Datos'!$N$4:$N$207,'📊 Base de Datos'!$B$4:$B$207,$C$5,'📊 Base de Datos'!$G$4:$G$207,"Planta de Hormigón Fija",'📊 Base de Datos'!$H$4:$H$207,"Alcance 3*"),0) -> 0 | F24: =SUM(C24:E24) -> 0 | G24: =IFERROR(F24/G14,"") -> 0

Sheet 🏢 Informe Dirección
B2: JOSÉ CUJÓ S.A.
B3: INFORME DE HUELLA DE CARBONO CORPORATIVA · ISO 14064-1:2018
B4: ="Período de reporte: Año "&'📈 Consolidado'!C5&" · Fecha de emisión: "&TEXT(TODAY(),"DD/MM/YYYY") -> Período de reporte: Año 2025 · Fecha de emisión: 25/04/2026
B6: INDICADORES CLAVE DE DESEMPEÑO AMBIENTAL
B7: TOTAL EMISIONES | C7: ALCANCE 1 (Directas) | D7: ALCANCE 2 (Energía) | E7: ALCANCE 3 (Indirectas) | F7: OBRAS ACTIVAS
B8: ='📈 Consolidado'!G14 -> 13.0195 | C8: ='📈 Consolidado'!G9 -> 12.06 | D8: ='📈 Consolidado'!G10 -> 0.9595 | E8: =SUM('📈 Consolidado'!G11:G13) -> 0 | F8: =COUNTIF('🏗️ Obras'!N4:N8,"Activa") -> 5
B9: t CO₂eq | C9: t CO₂eq | D9: t CO₂eq | E9: t CO₂eq | F9: obras
B11: DETALLE DE EMISIONES POR ALCANCE Y TRIMESTRE (t CO₂eq)
B12: Alcance / Categoría | C12: T1 | D12: T2 | E12: T3 | F12: T4 | G12: Total Año
B13: Alcance 1 - Emisiones directas | C13: ='📈 Consolidado'!B9 -> Alcance 1 - Emisiones directas de GEI | D13: ='📈 Consolidado'!C9 -> 12.06 | E13: ='📈 Consolidado'!D9 -> 0 | F13: ='📈 Consolidado'!E9 -> 0 | G13: ='📈 Consolidado'!F9 -> 0
B14: Alcance 2 - Energía importada | C14: ='📈 Consolidado'!B10 -> Alcance 2 - Emisiones indirectas por energía importada | D14: ='📈 Consolidado'!C10 -> 0.9595 | E14: ='📈 Consolidado'!D10 -> 0 | F14: ='📈 Consolidado'!E10 -> 0 | G14: ='📈 Consolidado'!F10 -> 0
B15: Alcance 3 - Transporte | C15: ='📈 Consolidado'!B11 -> Alcance 3 - Transporte | D15: ='📈 Consolidado'!C11 -> 0 | E15: ='📈 Consolidado'!D11 -> 0 | F15: ='📈 Consolidado'!E11 -> 0 | G15: ='📈 Consolidado'!F11 -> 0
B16: Alcance 3 - Productos utilizados | C16: ='📈 Consolidado'!B12 -> Alcance 3 - Productos utilizados | D16: ='📈 Consolidado'!C12 -> 0 | E16: ='📈 Consolidado'!D12 -> 0 | F16: ='📈 Consolidado'!E12 -> 0 | G16: ='📈 Consolidado'!F12 -> 0
B17: Alcance 3 - Otras indirectas | C17: ='📈 Consolidado'!B13 -> Alcance 3 - Otras emisiones indirectas | D17: ='📈 Consolidado'!C13 -> 0 | E17: ='📈 Consolidado'!D13 -> 0 | F17: ='📈 Consolidado'!E13 -> 0 | G17: ='📈 Consolidado'!F13 -> 0
B18: TOTAL | C18: ='📈 Consolidado'!B14 -> TOTAL EMISIONES ORGANIZACIÓN | D18: ='📈 Consolidado'!C14 -> 13.0195 | E18: ='📈 Consolidado'!D14 -> 0 | F18: ='📈 Consolidado'!E14 -> 0 | G18: ='📈 Consolidado'!F14 -> 0
B21: NOTA METODOLÓGICA
B22: • Norma aplicada: ISO 14064-1:2018 (Cuantificación e informe de emisiones de GEI a nivel de organización).
B23: • Metodología de cuantificación: ISO TR 14069:2013.
B24: • Año base de reporte: según celda C5 de hoja Consolidado.
B25: • Factores de emisión: ingresados manualmente en hoja Factores Emisión. Fuentes: IPCC, MVOTMA, IEA.
B26: • Gases incluidos: CO₂, CH₄, N₂O, HFCs, PFCs, SF₆ (expresados en CO₂ equivalente).
B27: • Los datos corresponden al inventario de la organización José Cujó SA y sus instalaciones fijas.

Sheet 🔢 Factores Emisión
B2: 🔢 FACTORES DE EMISIÓN DE REFERENCIA · ISO 14064-1 / ISO TR 14069
B3: Referencia normativa para el cálculo de emisiones en kg CO₂eq por unidad de actividad. Actualizar cuando cambien los factores oficiales.
B4: Fuente / Insumo | C4: Descripción | D4: Unidad | E4: Factor (kg CO₂eq/unidad) | F4: Alcance ISO 14064 | G4: Fuente del Factor
B5: Gasoil (Diesel) | C5: Combustión en maquinaria y vehículos | D5: L | E5: 2.68 | F5: Alcance 1 | G5: IPCC 2006 / MVOTMA
B6: Gasolina / Nafta | C6: Combustión en vehículos livianos | D6: L | E6: 2.31 | F6: Alcance 1 | G6: IPCC 2006
B7: GLP (Gas licuado) | C7: Combustión estacionaria | D7: kg | E7: 2.983 | F7: Alcance 1 | G7: IPCC 2006
B8: Gas natural | C8: Combustión estacionaria | D8: m³ | E8: 1.888 | F8: Alcance 1 | G8: IPCC 2006
B9: HFC-134a (refrigerante) | C9: Fugas de equipos de aire acondicionado | D9: kg | E9: 1430 | F9: Alcance 1 | G9: IPCC AR5 GWP100
B10: R-410A (refrigerante) | C10: Fugas de equipos de aire acondicionado | D10: kg | E10: 2088 | F10: Alcance 1 | G10: IPCC AR5 GWP100
B11: CO₂ extintores | C11: Descarga de extintores | D11: kg | E11: 1 | F11: Alcance 1 | G11: IPCC 2006
B12: Electricidad UTE Uruguay | C12: Red eléctrica nacional (mix de generación) | D12: kWh | E12: 0.19 | F12: Alcance 2 | G12: MVOTMA / IEA Uruguay 2023
B13: Camión pesado diesel >32t | C13: Transporte de materiales o maquinaria | D13: km | E13: 0.21 | F13: Alcance 3 | G13: IPCC 2006 / ECOTRANSIT
B14: Camión mediano diesel | C14: Transporte de materiales ligeros | D14: km | E14: 0.15 | F14: Alcance 3 | G14: IPCC 2006
B15: Automóvil diesel | C15: Vehículo administrativo o transporte personal | D15: km | E15: 0.167 | F15: Alcance 3 | G15: IPCC 2006
B16: Automóvil nafta | C16: Vehículo administrativo o transporte personal | D16: km | E16: 0.192 | F16: Alcance 3 | G16: IPCC 2006
... B33: Aguas residuales | C33: Tratamiento de aguas servidas | D33: m³ | E33: 0.78 | F33: Alcance 3 | G33: IPCC 2006
B35: NOTA: Estos factores son valores de referencia. Se recomienda actualizar anualmente con datos de MVOTMA, IPCC y fuentes específicas de Uruguay. Los factores de electricidad de UTE varían cada año según el mix de generación.
